{"meta":{"version":1,"warehouse":"3.0.2"},"models":{"Asset":[{"_id":"themes/landscape/source/css/style.styl","path":"css/style.styl","modified":1,"renderable":1},{"_id":"themes/landscape/source/fancybox/blank.gif","path":"fancybox/blank.gif","modified":1,"renderable":1},{"_id":"themes/landscape/source/fancybox/fancybox_loading.gif","path":"fancybox/fancybox_loading.gif","modified":1,"renderable":1},{"_id":"themes/landscape/source/fancybox/fancybox_loading@2x.gif","path":"fancybox/fancybox_loading@2x.gif","modified":1,"renderable":1},{"_id":"themes/landscape/source/fancybox/fancybox_overlay.png","path":"fancybox/fancybox_overlay.png","modified":1,"renderable":1},{"_id":"themes/landscape/source/fancybox/fancybox_sprite.png","path":"fancybox/fancybox_sprite.png","modified":1,"renderable":1},{"_id":"themes/landscape/source/fancybox/fancybox_sprite@2x.png","path":"fancybox/fancybox_sprite@2x.png","modified":1,"renderable":1},{"_id":"themes/landscape/source/fancybox/jquery.fancybox.css","path":"fancybox/jquery.fancybox.css","modified":1,"renderable":1},{"_id":"themes/landscape/source/js/script.js","path":"js/script.js","modified":1,"renderable":1},{"_id":"themes/landscape/source/fancybox/jquery.fancybox.pack.js","path":"fancybox/jquery.fancybox.pack.js","modified":1,"renderable":1},{"_id":"themes/landscape/source/fancybox/jquery.fancybox.js","path":"fancybox/jquery.fancybox.js","modified":1,"renderable":1},{"_id":"themes/landscape/source/css/fonts/FontAwesome.otf","path":"css/fonts/FontAwesome.otf","modified":1,"renderable":1},{"_id":"themes/landscape/source/css/fonts/fontawesome-webfont.eot","path":"css/fonts/fontawesome-webfont.eot","modified":1,"renderable":1},{"_id":"themes/landscape/source/css/fonts/fontawesome-webfont.woff","path":"css/fonts/fontawesome-webfont.woff","modified":1,"renderable":1},{"_id":"themes/landscape/source/fancybox/helpers/fancybox_buttons.png","path":"fancybox/helpers/fancybox_buttons.png","modified":1,"renderable":1},{"_id":"themes/landscape/source/fancybox/helpers/jquery.fancybox-buttons.css","path":"fancybox/helpers/jquery.fancybox-buttons.css","modified":1,"renderable":1},{"_id":"themes/landscape/source/fancybox/helpers/jquery.fancybox-buttons.js","path":"fancybox/helpers/jquery.fancybox-buttons.js","modified":1,"renderable":1},{"_id":"themes/landscape/source/fancybox/helpers/jquery.fancybox-media.js","path":"fancybox/helpers/jquery.fancybox-media.js","modified":1,"renderable":1},{"_id":"themes/landscape/source/fancybox/helpers/jquery.fancybox-thumbs.css","path":"fancybox/helpers/jquery.fancybox-thumbs.css","modified":1,"renderable":1},{"_id":"themes/landscape/source/fancybox/helpers/jquery.fancybox-thumbs.js","path":"fancybox/helpers/jquery.fancybox-thumbs.js","modified":1,"renderable":1},{"_id":"themes/landscape/source/css/fonts/fontawesome-webfont.ttf","path":"css/fonts/fontawesome-webfont.ttf","modified":1,"renderable":1},{"_id":"themes/landscape/source/css/images/banner.jpg","path":"css/images/banner.jpg","modified":1,"renderable":1},{"_id":"themes/landscape/source/css/fonts/fontawesome-webfont.svg","path":"css/fonts/fontawesome-webfont.svg","modified":1,"renderable":1}],"Cache":[{"_id":"themes/landscape/.gitignore","hash":"ea2b285a29690f1eabbad0f3a158e34e9ccd1d86","modified":1581070130100},{"_id":"themes/landscape/Gruntfile.js","hash":"412e30530784993c8997aa8b1319c669b83b91c2","modified":1581070130100},{"_id":"themes/landscape/LICENSE","hash":"82ce1e15ddeabeaaca60e2186b5a3ce42b1a9c49","modified":1581070130100},{"_id":"themes/landscape/README.md","hash":"67fedfb66304f103c412f6be110bf3c40c75d4ac","modified":1581070130100},{"_id":"themes/landscape/_config.yml","hash":"ce9d2939245209b8f5c5bbbdadc917d86057d032","modified":1581070130100},{"_id":"themes/landscape/package.json","hash":"6e567a9654e61eb3f548c75edef380c2e135c433","modified":1581070130100},{"_id":"source/_posts/hello-world.md","hash":"acad91ace80b80295b11a9b7ad4c29a2dcfdd8fb","modified":1581070122100},{"_id":"source/_posts/我的第一片博客.md","hash":"3c5d7642dd9322f504a06c18ba0f33ec00e2556f","modified":1657958035930},{"_id":"themes/landscape/languages/de.yml","hash":"d45cea36c5c83d7d09afcd1c26fff4a4c513c25b","modified":1581070130100},{"_id":"themes/landscape/languages/default.yml","hash":"f26a34a7983d4bc17c65c7f0f14da598e62ce66d","modified":1581070130100},{"_id":"themes/landscape/languages/es.yml","hash":"e3b4937da4cd2d0393b8a0ba310e70fc605cc431","modified":1581070130100},{"_id":"themes/landscape/languages/fr.yml","hash":"8cb0fe4b6913b4d5b662cdd0108a923c90025f85","modified":1581070130100},{"_id":"themes/landscape/languages/ko.yml","hash":"11330316e3c1262474a2b496e40dbc29f93fe01b","modified":1581070130100},{"_id":"themes/landscape/languages/nl.yml","hash":"3d82ec703d0b3287739d7cb4750a715ae83bfcb3","modified":1581070130100},{"_id":"themes/landscape/languages/ja.yml","hash":"3e2fedca096678c0c234ebffa4637828979296fa","modified":1581070130100},{"_id":"themes/landscape/languages/no.yml","hash":"ddf2035e920a5ecb9076138c184257d9f51896a7","modified":1581070130100},{"_id":"themes/landscape/languages/pt.yml","hash":"ae2c61b30e638f74f1a42c9ce39ac08d063b30f5","modified":1581070130100},{"_id":"themes/landscape/languages/ru.yml","hash":"2a476b4c6e04900914c81378941640ac5d58a1f0","modified":1581070130100},{"_id":"themes/landscape/languages/zh-CN.yml","hash":"b057f389c6713010f97d461e48ec959b0b6f3b44","modified":1581070130100},{"_id":"themes/landscape/languages/zh-TW.yml","hash":"f5f0ca88185da7a8457760d84bf221781473bd7c","modified":1581070130100},{"_id":"themes/landscape/layout/archive.ejs","hash":"2703b07cc8ac64ae46d1d263f4653013c7e1666b","modified":1581070130100},{"_id":"themes/landscape/layout/category.ejs","hash":"765426a9c8236828dc34759e604cc2c52292835a","modified":1581070130100},{"_id":"themes/landscape/layout/index.ejs","hash":"aa1b4456907bdb43e629be3931547e2d29ac58c8","modified":1581070130100},{"_id":"themes/landscape/layout/layout.ejs","hash":"5d86bc48b0f1bdce9a2bb548c2f8e7a4f50d499a","modified":1581070130100},{"_id":"themes/landscape/layout/page.ejs","hash":"7d80e4e36b14d30a7cd2ac1f61376d9ebf264e8b","modified":1581070130100},{"_id":"themes/landscape/layout/post.ejs","hash":"7d80e4e36b14d30a7cd2ac1f61376d9ebf264e8b","modified":1581070130100},{"_id":"themes/landscape/layout/tag.ejs","hash":"eaa7b4ccb2ca7befb90142e4e68995fb1ea68b2e","modified":1581070130100},{"_id":"themes/landscape/scripts/fancybox.js","hash":"4c130fc242cf9b59b5df6ca5eae3b14302311e8c","modified":1581070130100},{"_id":"themes/landscape/layout/_partial/after-footer.ejs","hash":"5e3b70c028d518b8f765e29a5e2020e7ba6ed589","modified":1581070130100},{"_id":"themes/landscape/layout/_partial/archive-post.ejs","hash":"5062c723721d8497eebad372f57092ade45041f4","modified":1581070130100},{"_id":"themes/landscape/layout/_partial/archive.ejs","hash":"017c412bd3d60d22e493f02918e436a32d96bb84","modified":1581070130100},{"_id":"themes/landscape/layout/_partial/article.ejs","hash":"5cf2b8a1148e6f8c4bd9ca9e3b84c7e5a59d56bc","modified":1581070130100},{"_id":"themes/landscape/layout/_partial/footer.ejs","hash":"6faefe07f3d64e21c7743276e0f55ee1544f9d86","modified":1581070130100},{"_id":"themes/landscape/layout/_partial/gauges-analytics.ejs","hash":"ace3000bd3e01d03041d5be24f7640b6c003a5b5","modified":1581070130100},{"_id":"themes/landscape/layout/_partial/google-analytics.ejs","hash":"1ccc627d7697e68fddc367c73ac09920457e5b35","modified":1581070130100},{"_id":"themes/landscape/layout/_partial/head.ejs","hash":"a36cec48782782bac92622f369c750e5c7396510","modified":1581070130100},{"_id":"themes/landscape/layout/_partial/header.ejs","hash":"cf755454675d13a0813a922b575c06b6b74ab9fd","modified":1581070130100},{"_id":"themes/landscape/layout/_partial/mobile-nav.ejs","hash":"347cf1befd2ea637c24bd5901929d8e36e359e75","modified":1581070130100},{"_id":"themes/landscape/layout/_partial/sidebar.ejs","hash":"c70869569749a8f48cce202fa57926c06b55fdab","modified":1581070130100},{"_id":"themes/landscape/layout/_widget/archive.ejs","hash":"0fe1e52c291c9499bd05b966e0b9aac5be351c58","modified":1581070130100},{"_id":"themes/landscape/layout/_widget/category.ejs","hash":"866790acc13fed44b7ef74c3e19c300a3d6180d8","modified":1581070130100},{"_id":"themes/landscape/layout/_widget/recent_posts.ejs","hash":"16800f85ffb036d2644a26e02facd61acb3706e9","modified":1581070130100},{"_id":"themes/landscape/layout/_widget/tag.ejs","hash":"6017c54a8c3c8ff8db491cfbea3100c139da75d6","modified":1581070130100},{"_id":"themes/landscape/layout/_widget/tagcloud.ejs","hash":"7259c179aa0c41c02e467ad892292e90430aaabc","modified":1581070130100},{"_id":"themes/landscape/source/css/_extend.styl","hash":"8ab1ad313bd6707d248c5ca1ee9a5eab8d815e42","modified":1581070130100},{"_id":"themes/landscape/source/css/_variables.styl","hash":"57bb02270eef16b4823a64ba663ccf2f247f34e5","modified":1581070130100},{"_id":"themes/landscape/source/css/style.styl","hash":"4a3e64ee8dad5834860c30b4176882eff628ca6b","modified":1581070130100},{"_id":"themes/landscape/source/fancybox/blank.gif","hash":"2daeaa8b5f19f0bc209d976c02bd6acb51b00b0a","modified":1581070130100},{"_id":"themes/landscape/source/fancybox/fancybox_loading.gif","hash":"1a755fb2599f3a313cc6cfdb14df043f8c14a99c","modified":1581070130100},{"_id":"themes/landscape/source/fancybox/fancybox_loading@2x.gif","hash":"273b123496a42ba45c3416adb027cd99745058b0","modified":1581070130100},{"_id":"themes/landscape/source/fancybox/fancybox_overlay.png","hash":"b3a4ee645ba494f52840ef8412015ba0f465dbe0","modified":1581070130100},{"_id":"themes/landscape/source/fancybox/fancybox_sprite.png","hash":"17df19f97628e77be09c352bf27425faea248251","modified":1581070130100},{"_id":"themes/landscape/source/fancybox/fancybox_sprite@2x.png","hash":"30c58913f327e28f466a00f4c1ac8001b560aed8","modified":1581070130100},{"_id":"themes/landscape/source/fancybox/jquery.fancybox.css","hash":"2e54d51d21e68ebc4bb870f6e57d3bfb660d4f9c","modified":1581070130100},{"_id":"themes/landscape/source/js/script.js","hash":"c0d368681c687258b628bacc84cc30d353de6d47","modified":1581070130100},{"_id":"themes/landscape/source/fancybox/jquery.fancybox.pack.js","hash":"2da892a02778236b64076e5e8802ef0566e1d9e8","modified":1581070130100},{"_id":"themes/landscape/source/fancybox/jquery.fancybox.js","hash":"58193c802f307ec9bc9e586c0e8a13ebef45d2f8","modified":1581070130100},{"_id":"themes/landscape/layout/_partial/post/category.ejs","hash":"16128d2422645e18d1b6882d4c4df17d895bd76e","modified":1581070130100},{"_id":"themes/landscape/layout/_partial/post/date.ejs","hash":"947f513f7a85fbcf085624e46dc2ae6de8185eec","modified":1581070130100},{"_id":"themes/landscape/layout/_partial/post/gallery.ejs","hash":"b0bf3f5d923c261ca2b5fabab513f1ec2708c8ca","modified":1581070130100},{"_id":"themes/landscape/layout/_partial/post/nav.ejs","hash":"cbb3819ce512bd24db8bad41b8617d46eba82fdc","modified":1581070130100},{"_id":"themes/landscape/layout/_partial/post/tag.ejs","hash":"694b5101bcc44c9f9c1cc62e5ad2fdfb4b7c7a07","modified":1581070130100},{"_id":"themes/landscape/layout/_partial/post/title.ejs","hash":"d4a460a35e2112d0c7414fd5e19b3a16093f1caf","modified":1581070130100},{"_id":"themes/landscape/source/css/_partial/archive.styl","hash":"9e574d8eb1a5285ec3b4346607414770d2f7e0ff","modified":1581070130100},{"_id":"themes/landscape/source/css/_partial/article.styl","hash":"e291bc8c5f0c21080baa549d5d9ef2f39a871ea7","modified":1581070130100},{"_id":"themes/landscape/source/css/_partial/comment.styl","hash":"2834870661e490775f9154d71638bfdc72e640a6","modified":1581070130100},{"_id":"themes/landscape/source/css/_partial/footer.styl","hash":"6f7aa810f296d6a1a4486637b5a853d35a198938","modified":1581070130100},{"_id":"themes/landscape/source/css/_partial/header.styl","hash":"67e59feb18eee6026717cb440d86ab9551782628","modified":1581070130100},{"_id":"themes/landscape/source/css/_partial/highlight.styl","hash":"ac19f1621305ca9f6a7b74acd211a4c0d88690bd","modified":1581070130100},{"_id":"themes/landscape/source/css/_partial/mobile.styl","hash":"680c7b809b62cd3ad294e822793fbd0b1a32cc33","modified":1581070130100},{"_id":"themes/landscape/source/css/_partial/sidebar-aside.styl","hash":"1fb15f13ba70d5b954f62920c6b63d26e2fb2985","modified":1581070130100},{"_id":"themes/landscape/source/css/_partial/sidebar-bottom.styl","hash":"4132e25ba9680c4b911a01abc75f501cda3fa4f1","modified":1581070130100},{"_id":"themes/landscape/source/css/_partial/sidebar.styl","hash":"8d971a00e644a600179b04815688d188f094012e","modified":1581070130100},{"_id":"themes/landscape/source/css/_util/grid.styl","hash":"1aa883ab432d9e4139c89dcbd40ae2bd1528d029","modified":1581070130100},{"_id":"themes/landscape/source/css/_util/mixin.styl","hash":"429bad87fc156eacf226c5e35b0eafc277f2504b","modified":1581070130100},{"_id":"themes/landscape/source/css/fonts/FontAwesome.otf","hash":"b5b4f9be85f91f10799e87a083da1d050f842734","modified":1581070130100},{"_id":"themes/landscape/source/css/fonts/fontawesome-webfont.eot","hash":"7619748fe34c64fb157a57f6d4ef3678f63a8f5e","modified":1581070130100},{"_id":"themes/landscape/source/css/fonts/fontawesome-webfont.woff","hash":"04c3bf56d87a0828935bd6b4aee859995f321693","modified":1581070130100},{"_id":"themes/landscape/source/fancybox/helpers/fancybox_buttons.png","hash":"e385b139516c6813dcd64b8fc431c364ceafe5f3","modified":1581070130100},{"_id":"themes/landscape/source/fancybox/helpers/jquery.fancybox-buttons.css","hash":"6394c48092085788a8c0ef72670b0652006231a1","modified":1581070130100},{"_id":"themes/landscape/source/fancybox/helpers/jquery.fancybox-buttons.js","hash":"4c9c395d705d22af7da06870d18f434e2a2eeaf9","modified":1581070130100},{"_id":"themes/landscape/source/fancybox/helpers/jquery.fancybox-media.js","hash":"e14c32cc6823b81b2f758512f13ed8eb9ef2b454","modified":1581070130100},{"_id":"themes/landscape/source/fancybox/helpers/jquery.fancybox-thumbs.css","hash":"b88b589f5f1aa1b3d87cc7eef34c281ff749b1ae","modified":1581070130100},{"_id":"themes/landscape/source/fancybox/helpers/jquery.fancybox-thumbs.js","hash":"83cdfea43632b613771691a11f56f99d85fb6dbd","modified":1581070130100},{"_id":"themes/landscape/source/css/fonts/fontawesome-webfont.ttf","hash":"7f09c97f333917034ad08fa7295e916c9f72fd3f","modified":1581070130100},{"_id":"themes/landscape/source/css/images/banner.jpg","hash":"f44aa591089fcb3ec79770a1e102fd3289a7c6a6","modified":1581070130100},{"_id":"themes/landscape/source/css/fonts/fontawesome-webfont.svg","hash":"a275426daefd3716c53561fad121d258a7f05b47","modified":1581070130100},{"_id":"public/2022/07/16/我的第一片博客/index.html","hash":"f1993daad9b9dd988f6c18a4e299b83ec0e32e65","modified":1657959162224},{"_id":"public/2022/07/16/hello-world/index.html","hash":"b11034dd540a0b7dbc4cbc592f16e2e8d7ee7f90","modified":1657959162224},{"_id":"public/archives/index.html","hash":"3446d92ba0483c201e47b52c8b25932037c74427","modified":1657959162224},{"_id":"public/archives/2022/index.html","hash":"c948e17291227392d389aae367cd063d71e4a33f","modified":1657959162224},{"_id":"public/archives/2022/07/index.html","hash":"078db44ab489c61fd8119bb2908f149496d4480f","modified":1657959162224},{"_id":"public/index.html","hash":"ec746c5dd0897468dbdaf8218d5d2b09312907ab","modified":1657959162224},{"_id":"public/fancybox/fancybox_loading.gif","hash":"1a755fb2599f3a313cc6cfdb14df043f8c14a99c","modified":1657959162224},{"_id":"public/fancybox/blank.gif","hash":"2daeaa8b5f19f0bc209d976c02bd6acb51b00b0a","modified":1657959162224},{"_id":"public/fancybox/fancybox_loading@2x.gif","hash":"273b123496a42ba45c3416adb027cd99745058b0","modified":1657959162224},{"_id":"public/fancybox/fancybox_overlay.png","hash":"b3a4ee645ba494f52840ef8412015ba0f465dbe0","modified":1657959162224},{"_id":"public/fancybox/fancybox_sprite.png","hash":"17df19f97628e77be09c352bf27425faea248251","modified":1657959162224},{"_id":"public/fancybox/fancybox_sprite@2x.png","hash":"30c58913f327e28f466a00f4c1ac8001b560aed8","modified":1657959162224},{"_id":"public/css/fonts/fontawesome-webfont.woff","hash":"04c3bf56d87a0828935bd6b4aee859995f321693","modified":1657959162224},{"_id":"public/css/fonts/fontawesome-webfont.eot","hash":"7619748fe34c64fb157a57f6d4ef3678f63a8f5e","modified":1657959162224},{"_id":"public/css/fonts/FontAwesome.otf","hash":"b5b4f9be85f91f10799e87a083da1d050f842734","modified":1657959162224},{"_id":"public/fancybox/helpers/fancybox_buttons.png","hash":"e385b139516c6813dcd64b8fc431c364ceafe5f3","modified":1657959162224},{"_id":"public/fancybox/jquery.fancybox.css","hash":"aaa582fb9eb4b7092dc69fcb2d5b1c20cca58ab6","modified":1657959162224},{"_id":"public/js/script.js","hash":"2876e0b19ce557fca38d7c6f49ca55922ab666a1","modified":1657959162224},{"_id":"public/fancybox/helpers/jquery.fancybox-buttons.css","hash":"1a9d8e5c22b371fcc69d4dbbb823d9c39f04c0c8","modified":1657959162224},{"_id":"public/fancybox/helpers/jquery.fancybox-buttons.js","hash":"dc3645529a4bf72983a39fa34c1eb9146e082019","modified":1657959162224},{"_id":"public/fancybox/helpers/jquery.fancybox-media.js","hash":"294420f9ff20f4e3584d212b0c262a00a96ecdb3","modified":1657959162224},{"_id":"public/fancybox/helpers/jquery.fancybox-thumbs.js","hash":"47da1ae5401c24b5c17cc18e2730780f5c1a7a0c","modified":1657959162224},{"_id":"public/fancybox/helpers/jquery.fancybox-thumbs.css","hash":"4ac329c16a5277592fc12a37cca3d72ca4ec292f","modified":1657959162224},{"_id":"public/css/style.css","hash":"5f8dadd37d0052c557061018fe6f568f64fced9b","modified":1657959162224},{"_id":"public/fancybox/jquery.fancybox.pack.js","hash":"9e0d51ca1dbe66f6c0c7aefd552dc8122e694a6e","modified":1657959162224},{"_id":"public/fancybox/jquery.fancybox.js","hash":"d08b03a42d5c4ba456ef8ba33116fdbb7a9cabed","modified":1657959162224},{"_id":"public/css/fonts/fontawesome-webfont.ttf","hash":"7f09c97f333917034ad08fa7295e916c9f72fd3f","modified":1657959162224},{"_id":"public/css/fonts/fontawesome-webfont.svg","hash":"a275426daefd3716c53561fad121d258a7f05b47","modified":1657959162224},{"_id":"public/css/images/banner.jpg","hash":"f44aa591089fcb3ec79770a1e102fd3289a7c6a6","modified":1657959162224}],"Category":[],"Data":[],"Page":[],"Post":[{"title":"Hello World","_content":"Welcome to [Hexo](https://hexo.io/)! This is your very first post. Check [documentation](https://hexo.io/docs/) for more info. If you get any problems when using Hexo, you can find the answer in [troubleshooting](https://hexo.io/docs/troubleshooting.html) or you can ask me on [GitHub](https://github.com/hexojs/hexo/issues).\n\n## Quick Start\n\n### Create a new post\n\n``` bash\n$ hexo new \"My New Post\"\n```\n\nMore info: [Writing](https://hexo.io/docs/writing.html)\n\n### Run server\n\n``` bash\n$ hexo server\n```\n\nMore info: [Server](https://hexo.io/docs/server.html)\n\n### Generate static files\n\n``` bash\n$ hexo generate\n```\n\nMore info: [Generating](https://hexo.io/docs/generating.html)\n\n### Deploy to remote sites\n\n``` bash\n$ hexo deploy\n```\n\nMore info: [Deployment](https://hexo.io/docs/one-command-deployment.html)\n","source":"_posts/hello-world.md","raw":"---\ntitle: Hello World\n---\nWelcome to [Hexo](https://hexo.io/)! This is your very first post. Check [documentation](https://hexo.io/docs/) for more info. If you get any problems when using Hexo, you can find the answer in [troubleshooting](https://hexo.io/docs/troubleshooting.html) or you can ask me on [GitHub](https://github.com/hexojs/hexo/issues).\n\n## Quick Start\n\n### Create a new post\n\n``` bash\n$ hexo new \"My New Post\"\n```\n\nMore info: [Writing](https://hexo.io/docs/writing.html)\n\n### Run server\n\n``` bash\n$ hexo server\n```\n\nMore info: [Server](https://hexo.io/docs/server.html)\n\n### Generate static files\n\n``` bash\n$ hexo generate\n```\n\nMore info: [Generating](https://hexo.io/docs/generating.html)\n\n### Deploy to remote sites\n\n``` bash\n$ hexo deploy\n```\n\nMore info: [Deployment](https://hexo.io/docs/one-command-deployment.html)\n","slug":"hello-world","published":1,"date":"2022-07-16T04:15:11.150Z","updated":"2020-02-07T10:08:42.100Z","comments":1,"layout":"post","photos":[],"link":"","_id":"cl5nm2tzo0000z5s626qo5hco","content":"<p>Welcome to <a href=\"https://hexo.io/\" target=\"_blank\" rel=\"noopener\">Hexo</a>! This is your very first post. Check <a href=\"https://hexo.io/docs/\" target=\"_blank\" rel=\"noopener\">documentation</a> for more info. If you get any problems when using Hexo, you can find the answer in <a href=\"https://hexo.io/docs/troubleshooting.html\" target=\"_blank\" rel=\"noopener\">troubleshooting</a> or you can ask me on <a href=\"https://github.com/hexojs/hexo/issues\" target=\"_blank\" rel=\"noopener\">GitHub</a>.</p>\n<h2 id=\"Quick-Start\"><a href=\"#Quick-Start\" class=\"headerlink\" title=\"Quick Start\"></a>Quick Start</h2><h3 id=\"Create-a-new-post\"><a href=\"#Create-a-new-post\" class=\"headerlink\" title=\"Create a new post\"></a>Create a new post</h3><figure class=\"highlight bash\"><table><tr><td class=\"gutter\"><pre><span class=\"line\">1</span><br></pre></td><td class=\"code\"><pre><span class=\"line\">$ hexo new <span class=\"string\">\"My New Post\"</span></span><br></pre></td></tr></table></figure>\n\n<p>More info: <a href=\"https://hexo.io/docs/writing.html\" target=\"_blank\" rel=\"noopener\">Writing</a></p>\n<h3 id=\"Run-server\"><a href=\"#Run-server\" class=\"headerlink\" title=\"Run server\"></a>Run server</h3><figure class=\"highlight bash\"><table><tr><td class=\"gutter\"><pre><span class=\"line\">1</span><br></pre></td><td class=\"code\"><pre><span class=\"line\">$ hexo server</span><br></pre></td></tr></table></figure>\n\n<p>More info: <a href=\"https://hexo.io/docs/server.html\" target=\"_blank\" rel=\"noopener\">Server</a></p>\n<h3 id=\"Generate-static-files\"><a href=\"#Generate-static-files\" class=\"headerlink\" title=\"Generate static files\"></a>Generate static files</h3><figure class=\"highlight bash\"><table><tr><td class=\"gutter\"><pre><span class=\"line\">1</span><br></pre></td><td class=\"code\"><pre><span class=\"line\">$ hexo generate</span><br></pre></td></tr></table></figure>\n\n<p>More info: <a href=\"https://hexo.io/docs/generating.html\" target=\"_blank\" rel=\"noopener\">Generating</a></p>\n<h3 id=\"Deploy-to-remote-sites\"><a href=\"#Deploy-to-remote-sites\" class=\"headerlink\" title=\"Deploy to remote sites\"></a>Deploy to remote sites</h3><figure class=\"highlight bash\"><table><tr><td class=\"gutter\"><pre><span class=\"line\">1</span><br></pre></td><td class=\"code\"><pre><span class=\"line\">$ hexo deploy</span><br></pre></td></tr></table></figure>\n\n<p>More info: <a href=\"https://hexo.io/docs/one-command-deployment.html\" target=\"_blank\" rel=\"noopener\">Deployment</a></p>\n","site":{"data":{}},"excerpt":"","more":"<p>Welcome to <a href=\"https://hexo.io/\" target=\"_blank\" rel=\"noopener\">Hexo</a>! This is your very first post. Check <a href=\"https://hexo.io/docs/\" target=\"_blank\" rel=\"noopener\">documentation</a> for more info. If you get any problems when using Hexo, you can find the answer in <a href=\"https://hexo.io/docs/troubleshooting.html\" target=\"_blank\" rel=\"noopener\">troubleshooting</a> or you can ask me on <a href=\"https://github.com/hexojs/hexo/issues\" target=\"_blank\" rel=\"noopener\">GitHub</a>.</p>\n<h2 id=\"Quick-Start\"><a href=\"#Quick-Start\" class=\"headerlink\" title=\"Quick Start\"></a>Quick Start</h2><h3 id=\"Create-a-new-post\"><a href=\"#Create-a-new-post\" class=\"headerlink\" title=\"Create a new post\"></a>Create a new post</h3><figure class=\"highlight bash\"><table><tr><td class=\"gutter\"><pre><span class=\"line\">1</span><br></pre></td><td class=\"code\"><pre><span class=\"line\">$ hexo new <span class=\"string\">\"My New Post\"</span></span><br></pre></td></tr></table></figure>\n\n<p>More info: <a href=\"https://hexo.io/docs/writing.html\" target=\"_blank\" rel=\"noopener\">Writing</a></p>\n<h3 id=\"Run-server\"><a href=\"#Run-server\" class=\"headerlink\" title=\"Run server\"></a>Run server</h3><figure class=\"highlight bash\"><table><tr><td class=\"gutter\"><pre><span class=\"line\">1</span><br></pre></td><td class=\"code\"><pre><span class=\"line\">$ hexo server</span><br></pre></td></tr></table></figure>\n\n<p>More info: <a href=\"https://hexo.io/docs/server.html\" target=\"_blank\" rel=\"noopener\">Server</a></p>\n<h3 id=\"Generate-static-files\"><a href=\"#Generate-static-files\" class=\"headerlink\" title=\"Generate static files\"></a>Generate static files</h3><figure class=\"highlight bash\"><table><tr><td class=\"gutter\"><pre><span class=\"line\">1</span><br></pre></td><td class=\"code\"><pre><span class=\"line\">$ hexo generate</span><br></pre></td></tr></table></figure>\n\n<p>More info: <a href=\"https://hexo.io/docs/generating.html\" target=\"_blank\" rel=\"noopener\">Generating</a></p>\n<h3 id=\"Deploy-to-remote-sites\"><a href=\"#Deploy-to-remote-sites\" class=\"headerlink\" title=\"Deploy to remote sites\"></a>Deploy to remote sites</h3><figure class=\"highlight bash\"><table><tr><td class=\"gutter\"><pre><span class=\"line\">1</span><br></pre></td><td class=\"code\"><pre><span class=\"line\">$ hexo deploy</span><br></pre></td></tr></table></figure>\n\n<p>More info: <a href=\"https://hexo.io/docs/one-command-deployment.html\" target=\"_blank\" rel=\"noopener\">Deployment</a></p>\n"},{"title":"我的第一片博客","date":"2022-07-16T07:53:55.000Z","_content":"","source":"_posts/我的第一片博客.md","raw":"---\ntitle: 我的第一片博客\ndate: 2022-07-16 15:53:55\ntags:\n---\n","slug":"我的第一片博客","published":1,"updated":"2022-07-16T07:53:55.930Z","comments":1,"layout":"post","photos":[],"link":"","_id":"cl5nm2u0e0001z5s6du6qb3y4","content":"","site":{"data":{}},"excerpt":"","more":""}],"PostAsset":[],"PostCategory":[],"PostTag":[],"Tag":[]}}